"id","genre"
317379,"Rock"
127802,"Folk"
262349,"Rock"
283656,"Country"
232543,"Metal"
248103,"Rock"
76729,"Country"
362099,"Country"
146237,"Country"
177151,"Country"
113573,"Rock"
103101,"Folk"
330740,"Metal"
57142,"Country"
168886,"Metal"
295392,"Country"
131200,"Country"
156671,"Rock"
255216,"Rock"
17042,"Metal"
27719,"Metal"
282446,"Rock"
312339,"Metal"
94891,"Metal"
276972,"Metal"
37483,"Metal"
176185,"Country"
252315,"Country"
238747,"Rock"
287568,"Folk"
341056,"Rock"
136079,"Rock"
67031,"Rock"
167810,"Rock"
326446,"Country"
167265,"Metal"
98580,"Metal"
58114,"Folk"
282817,"Folk"
79582,"Metal"
159745,"Country"
122614,"Metal"
273444,"Rock"
273030,"Metal"
4419,"Rock"
169078,"Rock"
12000,"Metal"
273046,"Metal"
176258,"Country"
196315,"Metal"
68313,"Country"
300602,"Country"
187127,"Folk"
120216,"Rock"
99076,"Rock"
164333,"Rock"
116842,"Rock"
173273,"Metal"
173385,"Country"
29327,"Rock"
86845,"Folk"
193559,"Country"
105545,"Country"
308733,"Folk"
281189,"Rock"
126563,"Country"
186075,"Metal"
325758,"Country"
26468,"Metal"
210961,"Metal"
341227,"Rock"
231786,"Metal"
275871,"Country"
161369,"Country"
173779,"Metal"
250822,"Metal"
53185,"Country"
88252,"Rock"
51249,"Country"
11178,"Metal"
291265,"Rock"
351607,"Rock"
127783,"Folk"
13802,"Folk"
245760,"Country"
357743,"Rock"
127799,"Folk"
182174,"Rock"
275794,"Rock"
172939,"Country"
292791,"Rock"
270658,"Country"
331915,"Metal"
94942,"Metal"
67712,"Country"
163609,"Rock"
329164,"Rock"
146460,"Country"
347152,"Country"
120182,"Folk"
25230,"Country"
328018,"Rock"
99723,"Country"
18568,"Folk"
133366,"Rock"
91816,"Metal"
260532,"Rock"
129690,"Country"
196526,"Country"
89972,"Metal"
95200,"Country"
287379,"Country"
31319,"Country"
293617,"Rock"
218428,"Folk"
103825,"Rock"
140980,"Rock"
40193,"Country"
328066,"Metal"
95156,"Country"
38576,"Rock"
6954,"Metal"
309943,"Country"
141225,"Rock"
274536,"Rock"
64605,"Rock"
112489,"Metal"
129648,"Country"
25946,"Metal"
222190,"Country"
243816,"Metal"
58161,"Folk"
34563,"Rock"
297039,"Rock"
258401,"Metal"
247309,"Rock"
243031,"Rock"
153809,"Rock"
293510,"Rock"
232456,"Country"
47550,"Rock"
11509,"Rock"
29326,"Rock"
34584,"Country"
146977,"Rock"
119532,"Metal"
277001,"Metal"
67743,"Country"
285265,"Rock"
129495,"Country"
269352,"Metal"
293165,"Rock"
297007,"Country"
345614,"Country"
124038,"Rock"
148289,"Metal"
138987,"Country"
1398,"Country"
40206,"Country"
298865,"Metal"
48090,"Folk"
76710,"Country"
314826,"Rock"
202707,"Rock"
793,"Rock"
129671,"Country"
97215,"Rock"
89105,"Country"
45425,"Rock"
256213,"Rock"
257114,"Rock"
150956,"Rock"
94525,"Metal"
168890,"Metal"
236710,"Metal"
35403,"Metal"
120176,"Folk"
42065,"Metal"
93351,"Country"
265913,"Folk"
144057,"Metal"
7519,"Rock"
86703,"Rock"
58207,"Folk"
79413,"Rock"
43729,"Rock"
16702,"Folk"
276953,"Metal"
304171,"Rock"
355263,"Rock"
295380,"Country"
129662,"Country"
37698,"Rock"
46697,"Country"
350419,"Rock"
105564,"Country"
16675,"Folk"
349018,"Rock"
123378,"Rock"
290751,"Country"
20780,"Metal"
333588,"Country"
186055,"Metal"
338864,"Rock"
227499,"Rock"
310009,"Country"
157009,"Country"
6328,"Metal"
10425,"Folk"
133631,"Metal"
294798,"Metal"
341553,"Metal"
217751,"Folk"
163814,"Rock"
238632,"Metal"
153119,"Country"
159788,"Country"
291810,"Country"
18450,"Folk"
150948,"Rock"
103721,"Rock"
213196,"Country"
310069,"Country"
58149,"Folk"
264610,"Folk"
182773,"Rock"
214287,"Rock"
271867,"Metal"
231076,"Rock"
142595,"Rock"
329381,"Rock"
10414,"Folk"
139237,"Country"
11285,"Rock"
269328,"Metal"
345949,"Folk"
176952,"Folk"
64277,"Country"
176953,"Folk"
58559,"Rock"
243665,"Metal"
217133,"Metal"
86497,"Metal"
271157,"Folk"
206728,"Country"
104780,"Country"
47323,"Rock"
141751,"Metal"
310244,"Country"
259986,"Metal"
122101,"Folk"
350939,"Rock"
202179,"Rock"
140048,"Rock"
57966,"Metal"
146382,"Country"
294422,"Metal"
39832,"Country"
323984,"Folk"
137604,"Folk"
193811,"Folk"
271439,"Country"
168812,"Metal"
27062,"Rock"
252066,"Metal"
265608,"Metal"
242366,"Rock"
243363,"Rock"
251051,"Folk"
318819,"Rock"
48719,"Metal"
41803,"Rock"
130651,"Folk"
169579,"Rock"
235068,"Metal"
331274,"Rock"
118241,"Rock"
91455,"Rock"
214194,"Rock"
88941,"Rock"
129654,"Country"
44364,"Rock"
81684,"Metal"
130002,"Country"
210087,"Metal"
87326,"Country"
47242,"Rock"
310088,"Country"
47033,"Country"
163866,"Rock"
240630,"Metal"
290255,"Country"
342228,"Rock"
256669,"Metal"
208257,"Metal"
4570,"Folk"
147171,"Country"
280513,"Metal"
248860,"Rock"
325865,"Metal"
316486,"Metal"
18528,"Folk"
120179,"Folk"
191649,"Metal"
159645,"Country"
116729,"Folk"
102985,"Country"
171284,"Country"
217451,"Rock"
149568,"Rock"
143404,"Rock"
339392,"Folk"
1392,"Country"
287726,"Folk"
174533,"Metal"
267915,"Country"
242851,"Rock"
177799,"Metal"
211978,"Metal"
270783,"Country"
234573,"Metal"
64310,"Rock"
316184,"Country"
114101,"Metal"
90058,"Metal"
177761,"Rock"
338156,"Rock"
183060,"Country"
151151,"Metal"
280054,"Folk"
250050,"Rock"
58204,"Folk"
154686,"Rock"
59128,"Metal"
29768,"Country"
272124,"Metal"
70902,"Rock"
318437,"Country"
127584,"Country"
308587,"Rock"
43431,"Rock"
126862,"Metal"
230085,"Rock"
29980,"Rock"
3850,"Country"
125618,"Rock"
11293,"Rock"
138496,"Metal"
93388,"Country"
127791,"Folk"
220279,"Country"
58193,"Folk"
243030,"Rock"
325824,"Country"
129646,"Country"
130212,"Folk"
339384,"Folk"
129526,"Country"
322983,"Rock"
12704,"Metal"
107754,"Rock"
164392,"Rock"
93402,"Country"
179315,"Metal"
290912,"Metal"
334761,"Rock"
79259,"Rock"
68119,"Country"
218238,"Metal"
1645,"Rock"
67872,"Country"
115385,"Country"
37656,"Rock"
144060,"Metal"
95471,"Country"
142663,"Country"
271864,"Metal"
253701,"Rock"
200952,"Metal"
13801,"Folk"
36433,"Metal"
316485,"Metal"
185616,"Rock"
331591,"Folk"
279848,"Rock"
126890,"Metal"
320492,"Metal"
292820,"Rock"
58299,"Rock"
54117,"Folk"
139048,"Country"
180974,"Metal"
319090,"Metal"
230976,"Rock"
243567,"Metal"
330392,"Metal"
315807,"Metal"
131092,"Country"
191450,"Metal"
37167,"Folk"
326425,"Country"
63726,"Country"
234952,"Metal"
267956,"Country"
360914,"Rock"
132063,"Metal"
329674,"Metal"
46732,"Country"
144686,"Metal"
139083,"Country"
21099,"Metal"
326570,"Country"
101930,"Metal"
196553,"Country"
320674,"Metal"
270011,"Rock"
43323,"Rock"
310016,"Country"
191422,"Metal"
316656,"Rock"
334879,"Folk"
138887,"Country"
328283,"Rock"
29871,"Country"
331138,"Rock"
90064,"Metal"
357096,"Rock"
76889,"Rock"
323696,"Folk"
176306,"Country"
243119,"Country"
104954,"Country"
352640,"Rock"
165359,"Metal"
64065,"Rock"
115977,"Metal"
129547,"Country"
40236,"Country"
234040,"Folk"
315392,"Metal"
188722,"Country"
138983,"Country"
350585,"Rock"
154553,"Rock"
176502,"Country"
84886,"Country"
251924,"Metal"
103079,"Folk"
31250,"Country"
253900,"Metal"
162279,"Metal"
324138,"Metal"
183379,"Folk"
182214,"Country"
246875,"Metal"
318561,"Country"
318887,"Metal"
270816,"Country"
332170,"Rock"
85873,"Rock"
227488,"Folk"
333577,"Country"
304378,"Metal"
18446,"Folk"
294409,"Metal"
284117,"Rock"
199362,"Country"
7909,"Folk"
150445,"Metal"
118132,"Metal"
28644,"Folk"
313888,"Rock"
120146,"Folk"
303200,"Rock"
42221,"Rock"
168790,"Metal"
211983,"Metal"
171261,"Country"
127758,"Metal"
117099,"Rock"
246973,"Metal"
102213,"Rock"
337319,"Rock"
339670,"Metal"
267942,"Country"
56479,"Metal"
324704,"Metal"
356289,"Rock"
289932,"Metal"
251556,"Country"
160583,"Metal"
47528,"Rock"
261546,"Metal"
319133,"Rock"
203028,"Metal"
20944,"Metal"
58063,"Folk"
291808,"Country"
209415,"Country"
129597,"Country"
65491,"Metal"
276746,"Country"
247015,"Metal"
106744,"Folk"
138483,"Metal"
298285,"Rock"
333548,"Country"
58093,"Folk"
56867,"Rock"
263125,"Country"
193560,"Country"
29645,"Country"
183086,"Country"
106419,"Folk"
310011,"Country"
146454,"Country"
7907,"Folk"
325684,"Country"
62182,"Metal"
63571,"Rock"
339032,"Rock"
157562,"Country"
293875,"Country"
116744,"Folk"
28655,"Folk"
235668,"Metal"
325804,"Country"
145391,"Folk"
264835,"Rock"
264816,"Country"
191668,"Metal"
358571,"Rock"
349685,"Rock"
237737,"Rock"
216382,"Folk"
72064,"Metal"
39796,"Rock"
138476,"Metal"
201639,"Rock"
312204,"Rock"
243127,"Country"
326581,"Country"
80633,"Rock"
326363,"Country"
10426,"Folk"
94860,"Metal"
287281,"Metal"
206033,"Rock"
85173,"Rock"
16732,"Folk"
236761,"Metal"
226426,"Metal"
216808,"Country"
146363,"Country"
78557,"Rock"
191477,"Metal"
118345,"Metal"
208099,"Rock"
328063,"Metal"
124665,"Metal"
338269,"Rock"
234030,"Folk"
304627,"Rock"
125256,"Metal"
130279,"Rock"
265921,"Folk"
109054,"Rock"
139704,"Rock"
146314,"Country"
41491,"Metal"
216365,"Folk"
16699,"Folk"
84101,"Rock"
214374,"Metal"
326529,"Country"
198144,"Rock"
331620,"Folk"
182405,"Metal"
94427,"Metal"
133337,"Rock"
3860,"Country"
106639,"Metal"
178752,"Metal"
61197,"Metal"
173252,"Metal"
95963,"Rock"
140860,"Rock"
243654,"Metal"
58064,"Folk"
33455,"Metal"
316691,"Rock"
334357,"Rock"
294862,"Rock"
122087,"Folk"
30406,"Rock"
56933,"Metal"
120137,"Folk"
31658,"Rock"
299117,"Metal"
101387,"Rock"
330406,"Metal"
172197,"Rock"
258285,"Metal"
196435,"Country"
360677,"Metal"
287351,"Rock"
221973,"Rock"
361048,"Folk"
146500,"Country"
40574,"Metal"
96159,"Rock"
90063,"Metal"
263500,"Rock"
67930,"Country"
90562,"Country"
216372,"Folk"
360161,"Rock"
171959,"Rock"
50861,"Rock"
154528,"Rock"
315401,"Metal"
106034,"Metal"
146383,"Country"
179989,"Rock"
271575,"Rock"
121424,"Rock"
31272,"Country"
89336,"Folk"
29577,"Country"
225828,"Metal"
193585,"Country"
172907,"Metal"
58151,"Folk"
265766,"Rock"
71135,"Metal"
216383,"Folk"
80115,"Country"
112534,"Metal"
68786,"Metal"
183749,"Rock"
176961,"Folk"
262756,"Metal"
316190,"Country"
277019,"Metal"
85792,"Rock"
288051,"Rock"
129660,"Country"
277032,"Metal"
345081,"Metal"
269261,"Rock"
276984,"Metal"
244841,"Rock"
218483,"Folk"
147151,"Metal"
326507,"Country"
174709,"Rock"
357694,"Metal"
31916,"Country"
311902,"Country"
222461,"Rock"
351077,"Metal"
29711,"Country"
348513,"Metal"
1380,"Country"
333633,"Country"
250975,"Metal"
81823,"Metal"
326564,"Country"
131097,"Country"
217748,"Folk"
328006,"Rock"
324333,"Folk"
19110,"Folk"
130674,"Folk"
294458,"Metal"
241827,"Rock"
196573,"Country"
9457,"Metal"
226829,"Country"
245705,"Country"
323970,"Folk"
218429,"Folk"
106757,"Country"
321520,"Rock"
320682,"Metal"
25944,"Metal"
147227,"Country"
339371,"Folk"
175333,"Country"
145974,"Rock"
347162,"Country"
204675,"Country"
86101,"Metal"
243630,"Country"
62185,"Metal"
40131,"Country"
194966,"Rock"
330598,"Rock"
53979,"Country"
12554,"Metal"
305221,"Country"
105585,"Country"
305228,"Country"
40588,"Metal"
1416,"Country"
118389,"Rock"
345623,"Country"
75316,"Metal"
122067,"Folk"
176504,"Country"
153120,"Country"
121696,"Country"
126545,"Country"
26469,"Metal"
48089,"Folk"
318123,"Rock"
310109,"Country"
141274,"Folk"
86096,"Metal"
339399,"Folk"
47668,"Rock"
277259,"Metal"
14654,"Rock"
241889,"Metal"
296635,"Rock"
110304,"Rock"
166903,"Metal"
115432,"Rock"
324402,"Rock"
258271,"Metal"
186777,"Folk"
245701,"Country"
217735,"Folk"
159721,"Country"
118325,"Metal"
318591,"Country"
18507,"Folk"
246026,"Metal"
4089,"Metal"
232683,"Country"
7628,"Metal"
28647,"Folk"
101033,"Rock"
166811,"Metal"
134294,"Metal"
131204,"Country"
47196,"Rock"
84430,"Metal"
103014,"Country"
270718,"Country"
175731,"Rock"
318595,"Country"
345253,"Country"
196488,"Country"
97991,"Rock"
253702,"Rock"
360898,"Metal"
230759,"Rock"
294431,"Metal"
31279,"Country"
215179,"Metal"
276869,"Folk"
30435,"Metal"
11110,"Country"
18699,"Rock"
232532,"Metal"
141468,"Country"
16177,"Country"
318578,"Country"
280041,"Folk"
264997,"Rock"
293454,"Rock"
352206,"Rock"
174416,"Country"
290335,"Folk"
78594,"Rock"
218414,"Folk"
325801,"Country"
40584,"Metal"
300421,"Metal"
217814,"Folk"
215469,"Metal"
326411,"Country"
329606,"Metal"
264802,"Country"
45433,"Rock"
255122,"Metal"
223103,"Country"
148472,"Rock"
336930,"Rock"
196404,"Country"
250893,"Metal"
159801,"Country"
26738,"Metal"
206771,"Metal"
76998,"Rock"
47787,"Rock"
8054,"Rock"
233443,"Metal"
22334,"Metal"
144014,"Rock"
291658,"Metal"
302786,"Folk"
161404,"Country"
310056,"Country"
316185,"Country"
122066,"Folk"
183381,"Folk"
45945,"Rock"
10316,"Metal"
81694,"Metal"
339669,"Metal"
80136,"Country"
86083,"Metal"
206727,"Country"
188315,"Metal"
200064,"Country"
135026,"Metal"
109594,"Metal"
289553,"Rock"
115381,"Country"
91131,"Country"
88026,"Metal"
120191,"Folk"
211562,"Country"
218419,"Folk"
161218,"Rock"
129797,"Country"
194315,"Rock"
299682,"Rock"
61286,"Metal"
172908,"Metal"
102529,"Country"
330905,"Metal"
131116,"Country"
60218,"Metal"
324693,"Metal"
17310,"Metal"
318608,"Country"
138970,"Country"
163734,"Country"
29878,"Country"
116672,"Rock"
17605,"Metal"
176513,"Country"
229787,"Metal"
357514,"Rock"
325654,"Country"
136449,"Metal"
347349,"Country"
193588,"Country"
247127,"Rock"
60851,"Rock"
311016,"Rock"
150084,"Metal"
129847,"Country"
20762,"Metal"
336221,"Folk"
126649,"Country"
229795,"Metal"
61056,"Folk"
305482,"Metal"
253853,"Metal"
141471,"Country"
4645,"Metal"
177550,"Rock"
290739,"Country"
293621,"Rock"
10415,"Folk"
93051,"Rock"
129719,"Country"
23353,"Metal"
243775,"Metal"
43367,"Country"
211498,"Rock"
343943,"Rock"
73619,"Folk"
182402,"Metal"
207388,"Metal"
129505,"Country"
104820,"Country"
18553,"Folk"
345326,"Folk"
72940,"Rock"
103006,"Country"
159737,"Country"
860,"Folk"
300051,"Rock"
196016,"Country"
298326,"Country"
215614,"Country"
39485,"Rock"
164355,"Rock"
187071,"Metal"
139024,"Country"
182457,"Metal"
89026,"Metal"
135011,"Metal"
253783,"Metal"
183119,"Country"
86185,"Rock"
174384,"Country"
1874,"Rock"
129815,"Country"
293738,"Metal"
170402,"Rock"
226396,"Metal"
218409,"Folk"
105486,"Country"
68208,"Country"
234020,"Folk"
64246,"Country"
217762,"Folk"
36029,"Rock"
183369,"Folk"
293194,"Rock"
310034,"Country"
288609,"Folk"
137798,"Rock"
287366,"Country"
104093,"Rock"
267668,"Rock"
166800,"Metal"
298356,"Country"
252341,"Country"
314822,"Rock"
217130,"Metal"
194234,"Rock"
264603,"Folk"
108417,"Rock"
246579,"Rock"
29912,"Country"
159778,"Country"
6891,"Rock"
91121,"Country"
119967,"Rock"
193093,"Metal"
29995,"Rock"
283972,"Rock"
247465,"Rock"
97642,"Country"
341476,"Rock"
151595,"Rock"
1717,"Folk"
266116,"Rock"
68327,"Country"
129392,"Country"
76102,"Rock"
20228,"Rock"
345007,"Country"
133985,"Rock"
139781,"Rock"
176957,"Folk"
273021,"Metal"
217901,"Metal"
66913,"Rock"
341314,"Metal"
302852,"Metal"
269270,"Rock"
133815,"Rock"
278325,"Metal"
206979,"Rock"
46712,"Country"
334882,"Folk"
130184,"Folk"
302823,"Folk"
68068,"Country"
50937,"Rock"
67029,"Rock"
330380,"Metal"
150320,"Metal"
279595,"Metal"
270794,"Country"
130684,"Folk"
237524,"Rock"
144205,"Country"
230744,"Rock"
41223,"Metal"
168784,"Metal"
176367,"Country"
261490,"Rock"
192407,"Rock"
35197,"Rock"
68094,"Country"
46736,"Country"
58406,"Country"
114679,"Rock"
252348,"Country"
262754,"Metal"
64284,"Country"
253955,"Metal"
130197,"Folk"
234588,"Metal"
41228,"Metal"
311885,"Country"
354790,"Rock"
289161,"Country"
58448,"Rock"
207417,"Rock"
65469,"Metal"
1720,"Folk"
350518,"Country"
193858,"Folk"
146390,"Country"
326580,"Country"
156717,"Rock"
220683,"Metal"
79203,"Rock"
112032,"Country"
128320,"Metal"
293227,"Rock"
218401,"Folk"
96970,"Country"
22234,"Metal"
324329,"Folk"
91138,"Country"
151562,"Rock"
345545,"Metal"
318512,"Country"
262734,"Metal"
138539,"Folk"
10703,"Metal"
232535,"Metal"
325748,"Country"
56072,"Metal"
253738,"Rock"
325641,"Country"
183965,"Rock"
282861,"Metal"
345820,"Metal"
144063,"Metal"
24477,"Rock"
300469,"Metal"
168869,"Metal"
15990,"Rock"
351091,"Metal"
285313,"Rock"
40144,"Country"
214181,"Rock"
331613,"Folk"
202452,"Folk"
96542,"Rock"
1559,"Country"
271358,"Country"
25516,"Rock"
199878,"Rock"
196411,"Country"
331608,"Folk"
100222,"Metal"
17935,"Metal"
54934,"Rock"
295851,"Metal"
29628,"Country"
257785,"Rock"
345129,"Metal"
270570,"Country"
139147,"Country"
85606,"Rock"
174519,"Metal"
207172,"Metal"
188389,"Metal"
126682,"Country"
159859,"Rock"
57727,"Country"
181854,"Metal"
130658,"Folk"
215147,"Metal"
175795,"Rock"
325784,"Country"
200450,"Country"
31935,"Country"
269312,"Metal"
131177,"Country"
225431,"Rock"
100783,"Metal"
201432,"Rock"
226734,"Metal"
89895,"Rock"
9187,"Rock"
223095,"Country"
237703,"Rock"
336136,"Metal"
41618,"Folk"
185151,"Rock"
311084,"Metal"
311021,"Rock"
222136,"Folk"
221540,"Metal"
67805,"Country"
146906,"Rock"
89974,"Metal"
146280,"Country"
179598,"Rock"
222171,"Country"
29784,"Country"
345611,"Country"
31346,"Country"
25242,"Rock"
356228,"Metal"
281334,"Metal"
152238,"Rock"
340512,"Rock"
304173,"Rock"
256696,"Metal"
151822,"Rock"
31522,"Country"
327382,"Rock"
338304,"Country"
173770,"Metal"
59581,"Folk"
232455,"Country"
22346,"Metal"
334840,"Metal"
29788,"Country"
333601,"Country"
93353,"Country"
60487,"Country"
256603,"Rock"
38478,"Rock"
212723,"Country"
118120,"Folk"
176349,"Country"
18491,"Folk"
3194,"Country"
63716,"Country"
257229,"Rock"
73937,"Folk"
339566,"Rock"
324699,"Metal"
176503,"Country"
3221,"Metal"
6967,"Folk"
18517,"Folk"
286619,"Metal"
129874,"Country"
236714,"Metal"
174040,"Rock"
321991,"Country"
253682,"Metal"
345760,"Country"
274316,"Rock"
39823,"Metal"
210644,"Rock"
245740,"Country"
103132,"Rock"
333487,"Country"
171280,"Country"
327423,"Rock"
295790,"Metal"
287138,"Rock"
339385,"Folk"
83242,"Metal"
231137,"Rock"
251540,"Country"
89356,"Folk"
222426,"Rock"
349461,"Rock"
142885,"Country"
252261,"Country"
234487,"Country"
167194,"Rock"
334660,"Folk"
60014,"Country"
300519,"Metal"
344465,"Metal"
316488,"Metal"
325624,"Country"
62169,"Metal"
222051,"Rock"
153638,"Rock"
345956,"Folk"
70887,"Rock"
127573,"Country"
318546,"Country"
361865,"Rock"
18607,"Metal"
29259,"Rock"
330472,"Rock"
311802,"Metal"
142416,"Metal"
176172,"Country"
321931,"Country"
347279,"Country"
13877,"Metal"
325640,"Country"
333558,"Country"
17615,"Metal"
308272,"Rock"
274259,"Rock"
193868,"Folk"
27717,"Metal"
102288,"Rock"
285102,"Rock"
193085,"Metal"
87153,"Country"
89335,"Folk"
254925,"Country"
234037,"Folk"
344372,"Country"
134107,"Rock"
345306,"Folk"
97100,"Rock"
281012,"Metal"
104077,"Rock"
321911,"Country"
302795,"Folk"
106400,"Folk"
114678,"Rock"
293365,"Rock"
28625,"Folk"
55276,"Rock"
68022,"Country"
142857,"Metal"
260824,"Country"
176390,"Country"
34643,"Metal"
141465,"Country"
43365,"Country"
92015,"Metal"
266319,"Country"
196875,"Metal"
38051,"Metal"
114182,"Country"
8166,"Rock"
301216,"Metal"
109498,"Rock"
244015,"Rock"
287463,"Metal"
16744,"Folk"
16708,"Folk"
94168,"Rock"
318600,"Country"
31938,"Country"
247693,"Rock"
93235,"Country"
9459,"Metal"
245700,"Country"
193862,"Folk"
76992,"Rock"
232180,"Rock"
198273,"Metal"
68220,"Country"
28623,"Folk"
80122,"Country"
18532,"Folk"
188345,"Metal"
181543,"Metal"
31360,"Country"
163263,"Rock"
26485,"Country"
121069,"Rock"
130476,"Rock"
254131,"Rock"
107110,"Metal"
58052,"Folk"
68942,"Rock"
218471,"Folk"
125526,"Rock"
203859,"Rock"
193895,"Folk"
104872,"Country"
232478,"Country"
67128,"Metal"
183641,"Country"
311892,"Country"
235992,"Rock"
166424,"Rock"
164947,"Rock"
40355,"Country"
8529,"Metal"
339736,"Rock"
38221,"Metal"
25524,"Folk"
149588,"Rock"
42403,"Rock"
64226,"Country"
1757,"Folk"
196373,"Country"
264611,"Folk"
353713,"Metal"
18482,"Folk"
193139,"Metal"
54121,"Folk"
176968,"Folk"
188746,"Country"
29860,"Country"
244102,"Metal"
223761,"Metal"
102960,"Country"
271603,"Rock"
171115,"Country"
306271,"Country"
18490,"Folk"
330372,"Metal"
3339,"Rock"
207559,"Rock"
31406,"Country"
11552,"Rock"
260808,"Country"
58212,"Folk"
219053,"Rock"
211772,"Country"
166204,"Metal"
284085,"Rock"
139543,"Country"
174814,"Country"
94852,"Metal"
193896,"Folk"
160467,"Folk"
201212,"Country"
7882,"Folk"
16696,"Folk"
115446,"Country"
46897,"Country"
243720,"Metal"
18527,"Folk"
218435,"Folk"
269408,"Rock"
139190,"Country"
3967,"Rock"
143825,"Rock"
218372,"Folk"
67795,"Country"
34586,"Country"
283056,"Metal"
212735,"Country"
191645,"Metal"
101926,"Metal"
166947,"Metal"
93810,"Rock"
161343,"Country"
302812,"Folk"
168805,"Metal"
234913,"Metal"
126713,"Country"
139084,"Country"
167049,"Rock"
6965,"Folk"
148507,"Rock"
153935,"Rock"
76686,"Country"
362005,"Country"
119492,"Rock"
352171,"Country"
312918,"Rock"
67714,"Country"
33463,"Metal"
267826,"Rock"
320667,"Metal"
318661,"Country"
201807,"Rock"
356260,"Rock"
137482,"Metal"
270628,"Country"
69612,"Rock"
345133,"Metal"
326498,"Country"
287906,"Rock"
259987,"Metal"
105009,"Rock"
340052,"Rock"
302603,"Metal"
128265,"Metal"
305214,"Country"
177988,"Rock"
30382,"Rock"
43384,"Country"
111834,"Rock"
136050,"Rock"
63627,"Rock"
201220,"Country"
222160,"Folk"
7661,"Metal"
31565,"Country"
31191,"Country"
326356,"Country"
28641,"Folk"
301041,"Rock"
139217,"Country"
65880,"Metal"
107417,"Rock"
68206,"Country"
334250,"Rock"
176833,"Country"
301437,"Country"
160598,"Metal"
87775,"Rock"
351995,"Country"
318493,"Country"
58122,"Folk"
61030,"Rock"
233997,"Folk"
121348,"Rock"
218049,"Country"
265510,"Metal"
261748,"Metal"
147507,"Rock"
129462,"Country"
50999,"Rock"
221195,"Rock"
160480,"Folk"
290749,"Country"
168804,"Metal"
18511,"Folk"
143455,"Metal"
161410,"Country"
147487,"Rock"
343649,"Metal"
204466,"Rock"
181881,"Metal"
159790,"Country"
31368,"Country"
10437,"Folk"
298344,"Country"
288648,"Folk"
81848,"Metal"
262675,"Metal"
302815,"Folk"
325703,"Country"
262737,"Metal"
37335,"Rock"
259164,"Rock"
67898,"Country"
352676,"Metal"
229473,"Rock"
258501,"Rock"
4218,"Rock"
312011,"Country"
235274,"Rock"
334365,"Rock"
14673,"Rock"
109603,"Metal"
16703,"Folk"
325793,"Country"
333889,"Folk"
353047,"Metal"
159687,"Country"
362079,"Country"
280752,"Metal"
81648,"Metal"
298370,"Country"
300476,"Metal"
54125,"Folk"
291932,"Rock"
100182,"Country"
146431,"Country"
145399,"Folk"
183632,"Country"
89344,"Folk"
73756,"Metal"
234970,"Metal"
334671,"Folk"
212072,"Rock"
317962,"Metal"
222548,"Rock"
58134,"Folk"
260806,"Country"
228072,"Rock"
200414,"Folk"
61880,"Rock"
326578,"Country"
234599,"Metal"
281379,"Metal"
76661,"Country"
281311,"Rock"
212745,"Country"
96477,"Metal"
323698,"Folk"
103153,"Rock"
27733,"Metal"
240644,"Metal"
245495,"Country"
288646,"Folk"
61870,"Rock"
47020,"Country"
251491,"Country"
284271,"Folk"
104784,"Country"
302778,"Folk"
53156,"Country"
238615,"Metal"
186769,"Folk"
239106,"Rock"
193835,"Folk"
90975,"Rock"
3873,"Country"
61165,"Metal"
66131,"Rock"
52230,"Rock"
139188,"Country"
271902,"Metal"
84684,"Rock"
187796,"Metal"
332813,"Country"
238232,"Rock"
334124,"Metal"
120193,"Folk"
131035,"Country"
276982,"Metal"
269451,"Rock"
185074,"Metal"
157729,"Country"
190491,"Rock"
341304,"Rock"
277057,"Metal"
243562,"Folk"
73379,"Metal"
188812,"Country"
101469,"Rock"
84533,"Rock"
196474,"Country"
183124,"Country"
288615,"Folk"
67871,"Country"
346166,"Country"
208077,"Metal"
6564,"Metal"
226963,"Metal"
348801,"Rock"
234003,"Folk"
52743,"Rock"
348250,"Metal"
310186,"Country"
229308,"Metal"
362103,"Country"
7969,"Rock"
103645,"Rock"
68221,"Country"
218620,"Rock"
86849,"Folk"
105586,"Country"
29937,"Country"
9596,"Metal"
112221,"Rock"
214448,"Rock"
185094,"Metal"
217605,"Folk"
87242,"Country"
218402,"Folk"
245537,"Country"
226379,"Metal"
290884,"Metal"
329888,"Rock"
359450,"Folk"
187714,"Rock"
129923,"Country"
305194,"Rock"
334385,"Rock"
310480,"Rock"
209572,"Rock"
206628,"Rock"
358472,"Rock"
18953,"Rock"
271429,"Country"
30414,"Rock"
315785,"Country"
31334,"Country"
10410,"Folk"
298394,"Country"
318513,"Country"
145527,"Country"
58044,"Folk"
314405,"Metal"
228022,"Rock"
145976,"Rock"
304770,"Folk"
357758,"Rock"
56349,"Metal"
141273,"Folk"
176394,"Country"
67884,"Country"
218247,"Metal"
250989,"Metal"
305459,"Metal"
348475,"Metal"
40231,"Country"
25540,"Folk"
44356,"Rock"
49446,"Metal"
223892,"Rock"
80522,"Metal"
151080,"Folk"
180984,"Rock"
125336,"Rock"
218788,"Folk"
161319,"Country"
205517,"Rock"
288664,"Folk"
57985,"Metal"
70501,"Rock"
4437,"Rock"
280012,"Folk"
218005,"Country"
235024,"Metal"
7622,"Metal"
234492,"Country"
105574,"Country"
320117,"Rock"
67721,"Country"
347183,"Country"
98671,"Rock"
251576,"Rock"
216375,"Folk"
269693,"Metal"
334890,"Folk"
110001,"Rock"
218088,"Metal"
216760,"Country"
339362,"Folk"
23024,"Metal"
316414,"Rock"
274567,"Rock"
80108,"Country"
191379,"Metal"
83995,"Metal"
72104,"Rock"
106406,"Folk"
169719,"Metal"
118146,"Metal"
97000,"Country"
233293,"Country"
97487,"Rock"
130006,"Country"
72316,"Rock"
276562,"Rock"
60045,"Country"
266193,"Folk"
302784,"Folk"
113313,"Rock"
17204,"Metal"
188289,"Metal"
234560,"Folk"
351879,"Metal"
32015,"Country"
317117,"Rock"
188719,"Country"
91191,"Country"
159770,"Country"
315755,"Country"
135894,"Rock"
15944,"Rock"
256638,"Metal"
238740,"Rock"
17670,"Metal"
168193,"Metal"
289936,"Metal"
238171,"Rock"
145150,"Metal"
157703,"Country"
325800,"Country"
147217,"Country"
170611,"Rock"
345322,"Folk"
321879,"Country"
193554,"Country"
58147,"Folk"
342679,"Metal"
41621,"Folk"
237651,"Rock"
178453,"Folk"
354607,"Rock"
262729,"Metal"
277064,"Metal"
208000,"Metal"
57972,"Metal"
122094,"Folk"
94928,"Metal"
226407,"Metal"
298701,"Rock"
270589,"Country"
315733,"Country"
301182,"Metal"
193571,"Country"
216083,"Rock"
213194,"Country"
129618,"Country"
20711,"Metal"
285618,"Rock"
221663,"Rock"
289201,"Country"
114178,"Country"
58086,"Folk"
17514,"Metal"
47011,"Metal"
10428,"Folk"
100236,"Metal"
265945,"Folk"
92966,"Rock"
334056,"Country"
10432,"Folk"
91223,"Country"
260783,"Country"
266205,"Folk"
106401,"Folk"
61180,"Metal"
289202,"Country"
314284,"Country"
3834,"Country"
316598,"Rock"
209520,"Rock"
330934,"Metal"
218418,"Folk"
339428,"Rock"
40529,"Metal"
196495,"Country"
310215,"Country"
52304,"Rock"
251052,"Folk"
280023,"Folk"
341199,"Rock"
58074,"Folk"
311617,"Metal"
276218,"Rock"
120151,"Folk"
345665,"Country"
159798,"Country"
341165,"Rock"
294713,"Rock"
172948,"Country"
316596,"Rock"
173501,"Folk"
20819,"Metal"
325706,"Country"
193180,"Metal"
155271,"Rock"
187406,"Country"
102531,"Country"
172937,"Country"
17317,"Metal"
130685,"Folk"
23300,"Metal"
31301,"Country"
31079,"Rock"
260748,"Country"
90605,"Metal"
216822,"Country"
188316,"Metal"
87191,"Country"
331395,"Rock"
236659,"Metal"
100187,"Country"
280805,"Metal"
265451,"Metal"
151470,"Metal"
234022,"Folk"
174820,"Country"
56378,"Metal"
182424,"Metal"
47518,"Rock"
228580,"Rock"
26428,"Metal"
134075,"Rock"
349434,"Folk"
218495,"Folk"
321952,"Country"
220255,"Country"
183149,"Country"
294452,"Metal"
144638,"Metal"
301074,"Rock"
291648,"Metal"
39835,"Country"
129877,"Country"
280017,"Folk"
106392,"Folk"
40146,"Country"
288132,"Rock"
193853,"Folk"
238682,"Metal"
323978,"Folk"
29754,"Country"
6546,"Metal"
201954,"Rock"
351325,"Rock"
288014,"Rock"
252311,"Country"
18542,"Folk"
288637,"Folk"
324536,"Metal"
26427,"Metal"
240602,"Metal"
318604,"Country"
254099,"Metal"
247934,"Rock"
323943,"Metal"
238462,"Rock"
167898,"Rock"
168852,"Metal"
218222,"Metal"
336541,"Rock"
99670,"Metal"
206006,"Rock"
79789,"Rock"
73614,"Folk"
231031,"Rock"
287557,"Folk"
127812,"Folk"
1747,"Folk"
174217,"Country"
338124,"Rock"
282876,"Metal"
139180,"Country"
99287,"Metal"
36261,"Rock"
331699,"Country"
348339,"Rock"
16388,"Country"
229466,"Rock"
283008,"Rock"
179947,"Metal"
116193,"Rock"
61793,"Rock"
68679,"Country"
345305,"Folk"
417,"Metal"
29720,"Country"
142662,"Country"
143397,"Rock"
113051,"Rock"
336223,"Folk"
31217,"Country"
161792,"Metal"
121746,"Rock"
157582,"Rock"
220795,"Rock"
324331,"Folk"
255357,"Metal"
2012,"Rock"
3916,"Country"
256632,"Metal"
36485,"Rock"
10683,"Metal"
47030,"Country"
193140,"Metal"
261585,"Metal"
18467,"Folk"
243017,"Rock"
183658,"Country"
188330,"Metal"
131920,"Metal"
178079,"Rock"
314276,"Country"
85227,"Metal"
355204,"Metal"
106441,"Folk"
251504,"Country"
3856,"Country"
210996,"Country"
41229,"Metal"
13119,"Rock"
205294,"Metal"
19113,"Folk"
28614,"Folk"
102232,"Rock"
182258,"Rock"
72072,"Metal"
76210,"Folk"
77749,"Metal"
111195,"Rock"
27781,"Metal"
281400,"Metal"
174555,"Metal"
180499,"Folk"
280213,"Rock"
114126,"Metal"
31984,"Country"
111078,"Metal"
288197,"Rock"
318403,"Country"
318885,"Metal"
131143,"Country"
277873,"Metal"
96522,"Rock"
60769,"Metal"
44733,"Rock"
273104,"Rock"
18523,"Folk"
87323,"Country"
73933,"Folk"
252834,"Metal"
276710,"Country"
316896,"Folk"
95161,"Country"
14510,"Rock"
112495,"Metal"
87169,"Country"
265189,"Country"
103068,"Folk"
345662,"Country"
16540,"Rock"
346105,"Rock"
84979,"Rock"
223094,"Country"
330861,"Metal"
263534,"Rock"
231169,"Rock"
25217,"Rock"
97324,"Rock"
119535,"Metal"
103080,"Folk"
267374,"Country"
121891,"Metal"
28622,"Folk"
176690,"Metal"
211760,"Country"
22322,"Metal"
30680,"Rock"
111087,"Metal"
195904,"Rock"
302821,"Folk"
236665,"Metal"
113389,"Rock"
313794,"Rock"
256654,"Metal"
7867,"Folk"
271411,"Country"
299752,"Metal"
217925,"Metal"
176245,"Country"
116721,"Folk"
105529,"Country"
147194,"Country"
259101,"Country"
157756,"Folk"
273424,"Rock"
191380,"Metal"
297828,"Metal"
81272,"Country"
46597,"Country"
196513,"Country"
218388,"Folk"
210518,"Rock"
294447,"Metal"
318494,"Country"
111618,"Rock"
113459,"Rock"
345714,"Country"
139154,"Country"
331663,"Folk"
73345,"Country"
66197,"Rock"
217604,"Folk"
81965,"Metal"
270691,"Country"
11594,"Rock"
29690,"Country"
311938,"Country"
111090,"Metal"
175286,"Metal"
50395,"Metal"
96105,"Rock"
218242,"Metal"
272396,"Rock"
145395,"Folk"
361843,"Rock"
97124,"Country"
29588,"Country"
18296,"Metal"
69593,"Rock"
94450,"Metal"
176314,"Country"
82818,"Country"
56358,"Metal"
291807,"Country"
44110,"Rock"
31527,"Country"
154102,"Country"
230844,"Rock"
59589,"Folk"
151086,"Folk"
168267,"Folk"
217801,"Folk"
111106,"Metal"
326479,"Country"
139545,"Country"
159974,"Country"
269297,"Metal"
226429,"Metal"
355967,"Metal"
234018,"Folk"
345734,"Country"
29503,"Country"
271737,"Rock"
203806,"Rock"
351874,"Metal"
129724,"Country"
288623,"Folk"
302802,"Folk"
360882,"Metal"
89350,"Folk"
245691,"Country"
210251,"Metal"
177481,"Folk"
120200,"Folk"
129776,"Country"
169031,"Country"
218511,"Country"
230132,"Rock"
147210,"Country"
215498,"Rock"
299775,"Country"
337925,"Folk"
59126,"Metal"
245562,"Country"
270814,"Country"
310634,"Metal"
355293,"Country"
335011,"Folk"
41235,"Metal"
212349,"Rock"
264594,"Folk"
188837,"Metal"
305254,"Metal"
174073,"Metal"
59636,"Rock"
276464,"Rock"
60383,"Rock"
330038,"Rock"
29539,"Country"
17717,"Metal"
31546,"Country"
155107,"Country"
287727,"Folk"
41845,"Rock"
204781,"Metal"
304935,"Country"
160726,"Rock"
104869,"Country"
325842,"Country"
164351,"Rock"
84891,"Country"
283723,"Metal"
95201,"Country"
222154,"Folk"
271833,"Metal"
260690,"Country"
323976,"Folk"
240566,"Metal"
10440,"Folk"
271374,"Country"
352697,"Metal"
40845,"Rock"
103019,"Country"
51238,"Country"
311973,"Country"
38205,"Metal"
191652,"Metal"
31978,"Country"
312928,"Rock"
121684,"Country"
130046,"Country"
344449,"Metal"
36412,"Metal"
97789,"Rock"
160518,"Rock"
321883,"Country"
195968,"Rock"
204790,"Metal"
208236,"Metal"
155738,"Rock"
40294,"Country"
269365,"Metal"
65981,"Metal"
232681,"Country"
138491,"Metal"
127819,"Folk"
334049,"Country"
31762,"Rock"
10376,"Metal"
236422,"Rock"
3912,"Country"
158097,"Rock"
130188,"Folk"
58046,"Folk"
112696,"Rock"
200650,"Metal"
316484,"Metal"
331151,"Rock"
190362,"Rock"
323291,"Rock"
4057,"Metal"
251963,"Metal"
31431,"Country"
240585,"Metal"
227618,"Rock"
221202,"Rock"
308326,"Metal"
173496,"Folk"
258763,"Rock"
193874,"Folk"
325683,"Country"
179563,"Rock"
214451,"Rock"
360884,"Metal"
330721,"Metal"
174232,"Country"
25538,"Folk"
91712,"Rock"
243369,"Rock"
264595,"Folk"
93375,"Country"
9864,"Rock"
325119,"Metal"
345954,"Folk"
273114,"Rock"
23303,"Metal"
178472,"Rock"
154783,"Metal"
62041,"Rock"
10721,"Metal"
29794,"Country"
168276,"Folk"
77863,"Metal"
310438,"Country"
164705,"Rock"
119318,"Rock"
251485,"Country"
117835,"Country"
338557,"Rock"
37059,"Country"
256951,"Metal"
218204,"Metal"
356866,"Rock"
304826,"Rock"
53013,"Rock"
304565,"Rock"
129360,"Country"
281458,"Metal"
173248,"Metal"
88355,"Rock"
68782,"Metal"
199977,"Country"
120129,"Folk"
114703,"Metal"
87160,"Country"
122824,"Metal"
218381,"Folk"
184227,"Rock"
179797,"Rock"
316742,"Rock"
161803,"Metal"
85015,"Rock"
67494,"Rock"
15724,"Rock"
155934,"Rock"
341114,"Rock"
295612,"Country"
176297,"Country"
130183,"Folk"
173502,"Folk"
39282,"Metal"
196506,"Country"
257824,"Rock"
323166,"Rock"
179175,"Rock"
124037,"Rock"
243162,"Country"
103705,"Rock"
80124,"Country"
362094,"Country"
10662,"Metal"
333765,"Folk"
287571,"Folk"
222144,"Folk"
226282,"Rock"
135081,"Country"
261306,"Metal"
114113,"Metal"
29765,"Country"
26433,"Metal"
345313,"Folk"
58129,"Folk"
31134,"Rock"
80782,"Metal"
147397,"Rock"
146387,"Country"
57764,"Country"
45027,"Rock"
55430,"Rock"
183368,"Folk"
67746,"Country"
271317,"Rock"
278591,"Rock"
4486,"Rock"
339376,"Folk"
300491,"Metal"
23974,"Country"
34083,"Rock"
81972,"Metal"
116724,"Folk"
331602,"Folk"
348745,"Rock"
106404,"Folk"
186072,"Metal"
153036,"Country"
120187,"Folk"
355671,"Metal"
104877,"Country"
130671,"Folk"
284070,"Rock"
139069,"Country"
35341,"Rock"
305861,"Rock"
116738,"Folk"
265190,"Country"
216386,"Folk"
45177,"Rock"
335347,"Rock"
149655,"Rock"
129939,"Country"
253878,"Metal"
207166,"Metal"
262840,"Rock"
51094,"Rock"
37002,"Country"
321510,"Rock"
269745,"Metal"
193544,"Country"
345186,"Metal"
176830,"Country"
305444,"Metal"
201213,"Country"
90032,"Metal"
180497,"Folk"
14661,"Rock"
58069,"Folk"
22272,"Metal"
196608,"Country"
71067,"Metal"
345552,"Metal"
61196,"Metal"
359874,"Metal"
354759,"Metal"
139067,"Country"
311915,"Country"
146391,"Country"
289581,"Rock"
64237,"Country"
272455,"Rock"
175315,"Country"
148286,"Metal"
164437,"Metal"
97722,"Metal"
81975,"Metal"
81784,"Metal"
208247,"Metal"
68416,"Metal"
68420,"Metal"
54014,"Country"
139745,"Rock"
61308,"Metal"
54831,"Rock"
172951,"Country"
318543,"Country"
21923,"Rock"
264067,"Rock"
159668,"Country"
302600,"Metal"
23358,"Metal"
172955,"Country"
267943,"Country"
68280,"Country"
51108,"Rock"
208823,"Country"
293187,"Rock"
168774,"Metal"
318467,"Country"
226954,"Metal"
29508,"Country"
130657,"Folk"
231135,"Rock"
261759,"Metal"
251503,"Country"
52198,"Rock"
75594,"Rock"
113133,"Metal"
333493,"Country"
186768,"Folk"
184957,"Rock"
78044,"Rock"
140513,"Metal"
218455,"Folk"
264775,"Rock"
46694,"Country"
337972,"Rock"
58184,"Folk"
234921,"Metal"
100140,"Rock"
72659,"Rock"
270648,"Country"
260001,"Metal"
309983,"Country"
234034,"Folk"
155102,"Country"
31966,"Country"
288974,"Metal"
67919,"Country"
110212,"Rock"
90118,"Metal"
218056,"Country"
348961,"Rock"
139211,"Country"
226851,"Rock"
322166,"Rock"
322730,"Metal"
130190,"Folk"
149368,"Rock"
29619,"Country"
29814,"Country"
129578,"Country"
217743,"Folk"
58390,"Country"
300499,"Metal"
60485,"Country"
60494,"Country"
122126,"Folk"
46775,"Country"
146321,"Country"
203019,"Metal"
111060,"Metal"
311792,"Metal"
288827,"Rock"
126568,"Country"
356305,"Rock"
31420,"Country"
328511,"Rock"
217883,"Metal"
176508,"Country"
46605,"Country"
313972,"Metal"
133636,"Metal"
350944,"Rock"
226833,"Country"
245695,"Country"
181555,"Metal"
10713,"Metal"
60010,"Country"
207434,"Rock"
271364,"Country"
26542,"Rock"
232314,"Rock"
310031,"Country"
241903,"Metal"
229422,"Rock"
271242,"Rock"
174565,"Metal"
258768,"Rock"
325843,"Country"
109639,"Metal"
214895,"Rock"
188781,"Country"
130668,"Folk"
347729,"Rock"
114175,"Country"
86103,"Metal"
28654,"Folk"
323697,"Folk"
58389,"Country"
183068,"Country"
265901,"Folk"
113535,"Rock"
163304,"Rock"
280879,"Rock"
58802,"Metal"
154788,"Metal"
39586,"Rock"
131071,"Country"
265920,"Folk"
46650,"Country"
86243,"Country"
143955,"Rock"
67963,"Country"
55524,"Rock"
97730,"Metal"
275776,"Rock"
324328,"Folk"
265025,"Rock"
218439,"Folk"
59402,"Rock"
193847,"Folk"
34702,"Rock"
28609,"Folk"
129850,"Country"
102523,"Country"
177161,"Country"
235900,"Rock"
113109,"Metal"
237573,"Rock"
138969,"Country"
265463,"Metal"
270695,"Country"
130074,"Country"
150456,"Metal"
236772,"Country"
29797,"Country"
229027,"Metal"
317541,"Rock"
304031,"Metal"
260836,"Country"
4228,"Rock"
271390,"Country"
191558,"Metal"
270073,"Rock"
328805,"Rock"
358340,"Rock"
348742,"Rock"
241496,"Metal"
250878,"Rock"
68294,"Country"
85136,"Rock"
330383,"Metal"
208337,"Metal"
209055,"Rock"
201913,"Rock"
113515,"Rock"
287553,"Folk"
146325,"Country"
106426,"Folk"
320888,"Rock"
271469,"Country"
345024,"Country"
28601,"Folk"
182443,"Metal"
29846,"Country"
94108,"Rock"
288647,"Folk"
27772,"Metal"
141466,"Country"
205001,"Country"
321660,"Metal"
61893,"Rock"
124487,"Metal"
265593,"Metal"
245534,"Country"
58148,"Folk"
131214,"Country"
281313,"Rock"
174167,"Folk"
155446,"Rock"
29329,"Rock"
296365,"Metal"
270586,"Country"
225852,"Metal"
23352,"Metal"
216799,"Country"
253886,"Metal"
85099,"Rock"
270776,"Country"
68483,"Country"
154121,"Country"
115057,"Rock"
302844,"Rock"
58200,"Folk"
352383,"Rock"
97970,"Folk"
24172,"Rock"
69384,"Rock"
200201,"Metal"
39830,"Country"
174708,"Rock"
9523,"Metal"
147066,"Rock"
44188,"Rock"
31756,"Rock"
322597,"Rock"
243069,"Rock"
276480,"Rock"
117834,"Country"
18575,"Folk"
185042,"Metal"
94835,"Metal"
91321,"Folk"
115809,"Rock"
290195,"Rock"
53195,"Country"
232514,"Metal"
118460,"Country"
145390,"Folk"
63639,"Country"
27250,"Rock"
119516,"Metal"
81822,"Metal"
130056,"Country"
64271,"Country"
7887,"Folk"
93066,"Rock"
334051,"Country"
97882,"Country"
38487,"Rock"
310214,"Country"
330266,"Metal"
29739,"Country"
288562,"Country"
273619,"Rock"
222156,"Folk"
252060,"Metal"
96571,"Rock"
356456,"Metal"
29894,"Country"
52566,"Country"
104907,"Country"
63433,"Rock"
277194,"Folk"
129886,"Country"
4714,"Rock"
208813,"Country"
106016,"Metal"
139357,"Rock"
358400,"Rock"
334885,"Folk"
268372,"Metal"
180338,"Metal"
167310,"Rock"
153089,"Country"
7893,"Folk"
27782,"Metal"
46949,"Rock"
196032,"Country"
82071,"Country"
304907,"Country"
210954,"Metal"
233993,"Folk"
16677,"Folk"
235154,"Metal"
359854,"Rock"
207580,"Folk"
111631,"Rock"
174374,"Country"
342732,"Rock"
232526,"Metal"
300989,"Rock"
126605,"Country"
318414,"Country"
118363,"Metal"
31353,"Country"
58182,"Folk"
29773,"Country"
317482,"Rock"
321995,"Country"
185184,"Rock"
118346,"Metal"
231945,"Rock"
182221,"Rock"
22739,"Rock"
241894,"Metal"
58076,"Folk"
258801,"Rock"
170725,"Metal"
251541,"Country"
317384,"Rock"
122135,"Country"
76751,"Country"
330758,"Metal"
340569,"Rock"
200646,"Metal"
230902,"Rock"
321965,"Country"
265908,"Folk"
193287,"Rock"
80200,"Rock"
27037,"Rock"
280570,"Metal"
229452,"Rock"
129445,"Country"
188698,"Country"
252837,"Metal"
218468,"Folk"
253708,"Rock"
345327,"Folk"
189651,"Metal"
239726,"Rock"
130198,"Folk"
280857,"Rock"
258283,"Metal"
60604,"Rock"
280197,"Rock"
226411,"Metal"
303249,"Metal"
231641,"Rock"
13883,"Metal"
170033,"Metal"
351858,"Metal"
150313,"Metal"
277190,"Folk"
357718,"Metal"
20162,"Rock"
223335,"Metal"
74757,"Rock"
295356,"Country"
130191,"Folk"
93287,"Country"
119549,"Metal"
260785,"Country"
137738,"Metal"
102980,"Country"
311849,"Country"
326555,"Country"
135103,"Metal"
141474,"Country"
68471,"Country"
208001,"Metal"
173063,"Metal"
173764,"Metal"
188290,"Metal"
98577,"Metal"
273615,"Rock"
116737,"Folk"
285615,"Rock"
112199,"Rock"
286461,"Folk"
55743,"Metal"
18581,"Folk"
318500,"Country"
80830,"Rock"
234036,"Folk"
79256,"Rock"
81727,"Metal"
222153,"Folk"
31908,"Country"
122108,"Folk"
295272,"Metal"
13570,"Metal"
16179,"Country"
293879,"Country"
311919,"Country"
123008,"Metal"
71065,"Metal"
116272,"Metal"
338739,"Rock"
99086,"Rock"
48718,"Metal"
31433,"Country"
80777,"Metal"
332239,"Rock"
195701,"Rock"
37038,"Country"
237894,"Metal"
58077,"Folk"
191615,"Metal"
311661,"Country"
318625,"Country"
343643,"Metal"
245689,"Country"
7896,"Folk"
314289,"Country"
58397,"Country"
195025,"Rock"
326058,"Country"
29611,"Country"
40266,"Country"
140583,"Metal"
146864,"Rock"
115313,"Rock"
139134,"Country"
58197,"Folk"
131140,"Country"
173356,"Country"
173228,"Metal"
144966,"Rock"
294799,"Metal"
119556,"Metal"
219045,"Rock"
218481,"Folk"
245607,"Country"
87299,"Country"
333899,"Folk"
277822,"Metal"
20820,"Metal"
90545,"Rock"
223352,"Metal"
46268,"Rock"
90596,"Metal"
139093,"Country"
352681,"Metal"
103555,"Country"
279901,"Rock"
130214,"Folk"
277017,"Metal"
245529,"Country"
3848,"Country"
128266,"Metal"
156996,"Country"
196319,"Metal"
15281,"Rock"
234021,"Folk"
46780,"Country"
246833,"Metal"
214484,"Rock"
130649,"Folk"
223538,"Metal"
141561,"Country"
289575,"Rock"
43368,"Country"
200071,"Country"
334055,"Country"
125424,"Rock"
34663,"Metal"
325657,"Country"
182389,"Metal"
183159,"Country"
240597,"Metal"
265914,"Folk"
298900,"Country"
147192,"Country"
167274,"Metal"
310987,"Rock"
11144,"Metal"
123023,"Metal"
216757,"Country"
139220,"Country"
97304,"Rock"
270771,"Country"
39993,"Metal"
323972,"Folk"
180003,"Rock"
276465,"Rock"
46835,"Country"
162723,"Rock"
106414,"Folk"
309741,"Metal"
347194,"Country"
361050,"Folk"
289228,"Metal"
291210,"Rock"
1819,"Metal"
177486,"Folk"
295393,"Country"
284273,"Folk"
60843,"Rock"
211727,"Country"
324113,"Metal"
172275,"Rock"
321976,"Country"
218961,"Rock"
84088,"Rock"
196445,"Country"
251507,"Country"
18492,"Folk"
302776,"Folk"
273239,"Rock"
236606,"Country"
186190,"Rock"
310173,"Country"
122092,"Folk"
4566,"Folk"
25537,"Folk"
347260,"Country"
243228,"Metal"
146228,"Country"
16697,"Folk"
196434,"Country"
120049,"Rock"
193584,"Country"
265925,"Folk"
289369,"Country"
95474,"Country"
166817,"Metal"
337534,"Rock"
174414,"Country"
127820,"Folk"
230600,"Rock"
38929,"Metal"
90451,"Rock"
61648,"Rock"
326348,"Country"
3821,"Country"
306332,"Metal"
85800,"Rock"
3937,"Country"
272874,"Rock"
359454,"Folk"
302826,"Folk"
77734,"Metal"
63770,"Metal"
331664,"Folk"
333611,"Country"
4227,"Rock"
53310,"Metal"
10050,"Metal"
128314,"Metal"
188294,"Metal"
125287,"Rock"
103099,"Folk"
322952,"Rock"
94830,"Metal"
337014,"Rock"
362098,"Country"
276369,"Metal"
318562,"Country"
323982,"Folk"
88348,"Rock"
280070,"Folk"
68330,"Country"
1715,"Folk"
277202,"Folk"
217754,"Folk"
264598,"Folk"
236740,"Metal"
58089,"Folk"
253835,"Metal"
137481,"Metal"
333882,"Folk"
16716,"Folk"
109642,"Metal"
270621,"Country"
323974,"Folk"
245964,"Rock"
296224,"Rock"
169483,"Rock"
16715,"Folk"
132103,"Rock"
150012,"Metal"
53021,"Rock"
282556,"Rock"
345648,"Country"
259710,"Folk"
208043,"Metal"
7862,"Folk"
314629,"Rock"
95211,"Country"
219842,"Rock"
175584,"Metal"
20110,"Rock"
208219,"Metal"
287638,"Country"
129840,"Country"
184217,"Rock"
248102,"Rock"
353582,"Rock"
230741,"Rock"
1393,"Country"
32020,"Country"
133542,"Rock"
223059,"Country"
28596,"Folk"
110755,"Rock"
130206,"Folk"
271786,"Metal"
253617,"Rock"
325808,"Country"
123912,"Rock"
113117,"Metal"
28645,"Folk"
1738,"Folk"
133697,"Metal"
243766,"Metal"
345641,"Country"
287611,"Country"
270578,"Country"
151059,"Country"
68031,"Country"
20797,"Metal"
33440,"Metal"
218382,"Folk"
28611,"Folk"
238969,"Rock"
292573,"Rock"
159808,"Country"
126515,"Metal"
180444,"Rock"
145744,"Metal"
325625,"Country"
40170,"Country"
318647,"Country"
17194,"Metal"
266209,"Folk"
80238,"Metal"
139150,"Country"
166822,"Metal"
58740,"Rock"
176247,"Country"
352866,"Metal"
104804,"Country"
40458,"Rock"
34426,"Country"
340762,"Metal"
28333,"Rock"
135482,"Rock"
245577,"Country"
124464,"Metal"
7929,"Folk"
292974,"Rock"
262625,"Metal"
99083,"Rock"
69152,"Rock"
123390,"Rock"
76692,"Country"
122080,"Folk"
127736,"Metal"
246560,"Rock"
308411,"Rock"
57755,"Country"
177732,"Rock"
139173,"Country"
18449,"Folk"
138693,"Metal"
90487,"Rock"
37008,"Country"
145396,"Folk"
347163,"Country"
7959,"Rock"
356760,"Rock"
344977,"Country"
72087,"Rock"
46759,"Country"
86084,"Metal"
222170,"Country"
6963,"Folk"
187015,"Metal"
16668,"Folk"
13786,"Folk"
58400,"Country"
72082,"Rock"
61341,"Metal"
81968,"Metal"
173497,"Folk"
242387,"Metal"
192091,"Rock"
239730,"Rock"
360964,"Metal"
126574,"Country"
38311,"Rock"
27744,"Metal"
31222,"Country"
215873,"Rock"
310913,"Rock"
251053,"Folk"
317440,"Rock"
331640,"Folk"
91128,"Country"
280016,"Folk"
154100,"Country"
316888,"Folk"
302601,"Metal"
276693,"Country"
91288,"Metal"
311884,"Country"
28657,"Folk"
150929,"Rock"
330258,"Metal"
29489,"Country"
139076,"Country"
265906,"Folk"
23390,"Rock"
278069,"Rock"
62463,"Country"
68164,"Country"
232694,"Metal"
188412,"Folk"
230447,"Rock"
270120,"Metal"
31925,"Country"
321657,"Metal"
106436,"Folk"
297804,"Rock"
300503,"Metal"
279025,"Rock"
288640,"Folk"
134466,"Rock"
226838,"Country"
60635,"Rock"
277183,"Rock"
325721,"Country"
203041,"Metal"
191399,"Metal"
13799,"Folk"
70888,"Rock"
60659,"Rock"
58053,"Folk"
1430,"Metal"
199360,"Country"
31277,"Country"
27790,"Metal"
81460,"Rock"
91200,"Country"
273041,"Metal"
188648,"Rock"
94516,"Metal"
216751,"Country"
218220,"Metal"
226968,"Metal"
173510,"Folk"
51876,"Rock"
51279,"Rock"
89402,"Metal"
270535,"Rock"
270575,"Country"
331631,"Folk"
234950,"Metal"
111333,"Rock"
207706,"Metal"
243658,"Metal"
6538,"Metal"
331695,"Country"
232479,"Country"
197612,"Metal"
46698,"Country"
270763,"Country"
332957,"Rock"
58068,"Folk"
